issuer,code,market_segment,initial_misconduct_class,improvement_report_date,expected_followup_window_start,expected_followup_window_end,improvement_status_report_date,publication_timestamp_jst,first_executable_session,initial_commitments_coded,status_evidence_coded,repeat_failure_flag,temporary_support_dependency,authority_deconcentration_delta,auditor_state,concurrent_event_flag,market_data_status,borrow_data_status,source_status,notes
Advance Create,8798,Prime,TBD,2025-06-20,2025-12-20,2026-01-20,2026-01-07,TBD,TBD,false,false,TBD,TBD,TBD,TBD,TBD,missing,missing,official_dates_and_segment_verified,"Backfill initial report, status report, exact timestamp, market and borrow data"
Fisco,3807,Growth,TBD,2025-10-17,2026-04-17,2026-05-17,2026-04-20,TBD,TBD,false,false,TBD,TBD,TBD,TBD,TBD,missing,missing,official_dates_and_segment_verified,"Backfill initial report, status report, exact timestamp, market and borrow data"
Kasai Kogyo,7256,Standard,TBD,2025-11-11,2026-05-11,2026-06-11,2026-05-15,TBD,TBD,false,false,TBD,TBD,TBD,TBD,TBD,missing,missing,official_dates_and_segment_verified,"Backfill initial report, status report, exact timestamp, market and borrow data"
Gala,4777,Standard,TBD,2025-01-20,2025-07-20,2025-08-20,2025-07-23,TBD,TBD,false,false,TBD,TBD,TBD,TBD,TBD,missing,missing,official_dates_and_segment_verified,"Backfill report pair, exact timestamp, concurrent events, market and borrow data"
Fine Sinter,5994,Standard,TBD,2024-12-20,2025-06-20,2025-07-20,2025-06-27,TBD,TBD,false,false,TBD,TBD,TBD,TBD,TBD,missing,missing,official_dates_and_segment_verified,"Backfill report pair, exact timestamp, concurrent events, market and borrow data"
Shinwa Wise Holdings,2437,Standard,TBD,2024-12-19,2025-06-19,2025-07-19,2025-07-03,TBD,TBD,false,false,TBD,TBD,TBD,TBD,TBD,missing,missing,official_dates_and_segment_verified,"Backfill report pair, exact timestamp, concurrent events, market and borrow data"
ENECHANGE,4169,Growth,TBD,2024-09-24,2025-03-24,2025-04-24,2025-03-25,TBD,TBD,false,false,TBD,TBD,TBD,TBD,TBD,missing,missing,official_dates_and_segment_verified,"Backfill report pair, exact timestamp, concurrent events, market and borrow data"
Rackland,9612,Prime,TBD,2024-07-31,2025-01-31,2025-02-28,2025-02-13,TBD,TBD,false,false,TBD,TBD,TBD,TBD,TBD,missing,missing,official_dates_and_segment_verified,"Backfill report pair, exact timestamp, concurrent events, market and borrow data"
Tokyo Sangyo,8070,Prime,TBD,2024-06-13,2024-12-13,2025-01-13,2024-12-16,TBD,TBD,false,false,TBD,TBD,TBD,TBD,TBD,missing,missing,official_dates_and_segment_verified,"Backfill report pair, exact timestamp, concurrent events, market and borrow data"
